GENERACION DE ELECTRICIDAD POR PLANTA (MWh);;;;;;;;;;;;;;;;;;;;;;;;;;;;;;;;;;;;;;;;;;;;
;;;;;;;;;;;;;;;;;;;;;;;;;;;;;;;;;;;;;;;;;;;;
año;mes;"Batlle
sala B";"Batlle
unidad 5";"Batlle
unidad 6";CT Motores Batlle;"CT Maldonado
grupo 1";"Punta del Tigre
grupo 1";"Punta del Tigre
grupo 2";"Punta del Tigre
grupo 3";"Punta del Tigre
grupo 4";"Punta del Tigre
grupo 5";"Punta del Tigre
grupo 6";"Punta del Tigre
Turbinas APR A";"Punta del Tigre
Turbinas APR C";"Punta del Tigre
grupos 7 y 8";"Punta del Tigre
grupo 1 B ""ciclo combinado""";"Punta del Tigre
grupo 2 B ""ciclo combinado""";"Punta del Tigre
grupo 3 B ""ciclo combinado""";"CTR La Tablada
grupo 1";"CTR La Tablada
grupo 2";CTR La Tablada Turbinas APR B;C.T. Motores Aggreko - Mot. MVA;C.T. Motores Aggreko - Mot. MVB;"diesel
interconectadas";"diesel
autónomas";Solar Fotovoltaica Autónoma;Terra;Baygorria;Palmar;"Salto Grande
(corresp. a Uruguay)";" ""Parques Eólicos de UTE""";Solar fotovoltáica UTE ;Fotovoltáicas   Privadas                   Solar;Agentes Productores;"TOTAL
generación
Térmica Fosil";"TOTAL
generación
Térmica Biomasa";"TOTAL
generación
térmica";"TOTAL
generación
hidráulica";"TOTAL
generación
eólica";"TOTAL
generación
solar";TOTAL;;;
2000;1;37.570;49.724;66.831;;0;;;;;;;;;;;;;0;30.050;;;;0;353;;34.714;23.991;45.700;78.202;;;;;;;184.528;182.607;;;367.134;;;
2000;2;18.620;48.955;73.975;;0;;;;;;;;;;;;;0;700;;;;0;291;;45.145;33.851;55.603;79.041;;;;;;;142.541;213.640;;;356.181;;;
2000;3;31.050;28.235;59.290;;0;;;;;;;;;;;;;190;680;;;;0;457;;17.245;13.806;21.359;176.388;;;;;;;119.902;228.798;;;348.700;;;
2000;4;0;0;0;;0;;;;;;;;;;;;;0;20;;;;0;549;;26.545;28.933;63.725;346.664;;;;;;;569;465.867;;;466.436;;;
2000;5;0;0;0;;0;;;;;;;;;;;;;0;360;;;;0;526;;57.116;46.505;146.920;477.957;;;;;;;886;728.498;;;729.383;;;
2000;6;0;0;0;;0;;;;;;;;;;;;;170;750;;;;0;466;;103.273;67.634;203.405;463.227;;;;;;;1.386;837.539;;;838.925;;;
2000;7;3.800;7.431;7.327;;0;;;;;;;;;;;;;2.680;2.520;;;;0;460;;103.428;59.491;237.650;572.915;;;;;;;24.218;973.484;;;997.701;;;
2000;8;0;0;0;;72;;;;;;;;;;;;;710;530;;;;0;432;;107.204;76.219;217.843;221.641;;;;;;;1.744;622.907;;;624.651;;;
2000;9;850;0;1.915;;53;;;;;;;;;;;;;1.800;1.180;;;;0;428;;70.998;50.709;198.660;411.891;;;;;;;6.226;732.258;;;738.483;;;
2000;10;2.390;3.551;0;;15;;;;;;;;;;;;;1.010;1.060;;;;0;415;;94.897;56.509;190.335;539.214;;;;;;;8.441;880.955;;;889.396;;;
2000;11;0;0;0;;34;;;;;;;;;;;;;270;240;;;;0;394;;84.868;56.129;129.743;440.776;;;;;;;938;711.516;;;712.454;;;
2000;12;0;0;718;;116;;;;;;;;;;;;;1.220;1.170;;;;0;453;;71.521;43.923;114.426;242.732;;;;;;;3.677;472.602;;;476.279;;;
2001;1;0;0;0;;9;;;;;;;;;;;;;60;70;;;;0;448;;33.800;22.121;72.678;519.390;;;;;;;588;647.989;;;648.577;;;
2001;2;0;0;0;;0;;;;;;;;;;;;;0;0;;;;0;460;;29.800;20.094;78.520;492.324;;;;;;;460;620.738;;;621.198;;;
2001;3;0;0;0;;23;;;;;;;;;;;;;200;220;;;;0;557;;58.789;40.810;137.660;428.909;;;;;;;1.000;666.168;;;667.168;;;
2001;4;0;0;0;;0;;;;;;;;;;;;;0;0;;;;0;612;;54.540;34.385;84.542;492.710;;;;;;;612;666.177;;;666.789;;;
2001;5;0;0;0;;19;;;;;;;;;;;;;870;1.020;;;;0;596;;106.029;49.205;222.909;595.225;;;;;;;2.505;973.368;;;975.873;;;
2001;6;0;0;0;;9;;;;;;;;;;;;;490;910;;;;0;521;;99.594;58.393;232.102;584.870;;;;;;;1.930;974.959;;;976.889;;;
2001;7;0;0;0;;0;;;;;;;;;;;;;70;120;;;;0;508;;108.368;69.636;195.224;477.116;;;;;;;698;850.344;;;851.042;;;
2001;8;0;0;0;;0;;;;;;;;;;;;;120;120;;;;0;513;;104.982;70.423;212.412;325.900;;;;;;;753;713.717;;;714.470;;;
2001;9;0;0;0;;6;;;;;;;;;;;;;0;0;;;;0;458;;90.640;59.021;235.244;443.188;;;;;;;464;828.093;;;828.557;;;
2001;10;0;62;0;;62;;;;;;;;;;;;;1.120;1.380;;;;0;466;;89.710;63.815;216.211;610.918;;;;;;;3.090;980.654;;;983.744;;;
2001;11;0;1.576;0;;0;;;;;;;;;;;;;70;50;;;;0;429;;95.290;57.441;183.419;372.845;;;;;;;2.125;708.995;;;711.120;;;
2001;12;0;0;0;;16;;;;;;;;;;;;;70;90;;;;0;470;;106.968;71.965;192.269;191.654;;;;;;;646;562.856;;;563.502;;;
2002;1;0;0;0;;8;;;;;;;;;;;;;0;0;;;;0;479;;101.312;66.361;164.510;98.566;;;;;;;487;430.749;;;431.236;;;
2002;2;0;0;0;;0;;;;;;;;;;;;;0;0;;;;0;405;;86.560;62.459;123.308;96.985;;;;;;;405;369.312;;;369.717;;;
2002;3;0;7.518;7.274;;5;;;;;;;;;;;;;2.500;130;;;;0;533;;47.348;46.265;176.895;262.830;;;;;;;17.960;533.338;;;551.298;;;
2002;4;110;148;686;;0;;;;;;;;;;;;;553;0;;;;0;553;;69.936;42.553;225.024;506.151;;;;;;;2.487;843.664;;;846.151;;;
2002;5;0;0;0;;0;;;;;;;;;;;;;100;0;;;;0;615;;96.419;35.429;230.113;590.016;;;;;;;715;951.977;;;952.691;;;
2002;6;0;0;0;;0;;;;;;;;;;;;;310;0;;;;0;548;;100.093;65.497;234.174;624.243;;;;;;;858;1.024.007;;;1.024.864;;;
2002;7;0;0;0;;0;;;;;;;;;;;;;310;0;;;;0;518;;107.423;73.240;226.464;551.909;;;;;;;828;959.036;;;959.864;;;
2002;8;0;0;0;;0;;;;;;;;;;;;;140;0;;;;0;485;;102.663;66.079;241.397;632.651;;;;;;;625;1.042.790;;;1.043.415;;;
2002;9;0;0;0;;0;;;;;;;;;;;;;0;0;;;;0;437;;100.109;64.795;217.978;567.785;;;;;;;437;950.667;;;951.103;;;
2002;10;0;0;0;;0;;;;;;;;;;;;;0;0;;;;0;466;;98.082;61.029;183.923;463.951;;;;;;;466;806.985;;;807.450;;;
2002;11;0;0;0;;0;;;;;;;;;;;;;120;0;;;;0;462;;80.870;55.870;178.133;493.855;;;;;;;582;808.728;;;809.310;;;
2002;12;0;0;0;;0;;;;;;;;;;;;;120;0;;;;0;456;;98.430;55.391;235.850;424.446;;;;;;;576;814.117;;;814.693;;;
2003;1;0;0;0;;0;;;;;;;;;;;;;0;0;;;;0;450;;84.430;52.762;152.078;491.128;;;;;;;450;780.398;;;780.848;;;
2003;2;10;82;96;;3;;;;;;;;;;;;;0;0;;;;0;405;;64.014;42.972;159.513;345.659;;;;;;;596;612.158;;;612.754;;;
2003;3;0;0;0;;0;;;;;;;;;;;;;0;0;;;;0;507;;106.046;72.415;219.222;537.867;;;;;;;507;935.550;;;936.057;;;
2003;4;0;0;0;;0;;;;;;;;;;;;;0;40;;;;0;520;;90.405;63.949;167.022;380.807;;;;;;;560;702.183;;;702.743;;;
2003;5;0;0;0;;0;;;;;;;;;;;;;0;0;;;;0;540;;90.495;46.804;221.168;560.756;;;;;;;540;919.223;;;919.763;;;
2003;6;0;0;0;;0;;;;;;;;;;;;;0;0;;;;0;490;;97.990;60.553;222.601;456.048;;;;;;;490;837.192;;;837.682;;;
2003;7;0;0;0;;0;;;;;;;;;;;;;0;0;;;;0;496;;106.155;75.828;234.552;320.152;;;;;;;496;736.687;;;737.183;;;
2003;8;0;0;0;;0;;;;;;;;;;;;;290;0;;;;0;488;;84.710;67.321;229.349;253.642;;;;;;;778;635.022;;;635.800;;;
2003;9;0;0;0;;0;;;;;;;;;;;;;0;0;;;;0;480;;96.818;63.800;222.395;156.479;;;;;;;480;539.492;;;539.972;;;
2003;10;0;0;0;;0;;;;;;;;;;;;;0;0;;;;0;479;;73.304;43.980;135.310;229.242;;;;;;;479;481.836;;;482.315;;;
2003;11;0;0;0;;0;;;;;;;;;;;;;0;0;;;;0;450;;48.027;36.060;130.948;452.558;;;;;;;450;667.593;;;668.043;;;
2003;12;0;0;384;;10;;;;;;;;;;;;;0;0;;;;0;384;;65.171;38.613;104.312;476.671;;;;;;;778;684.767;;;685.545;;;
2004;1;0;0;0;;0;;;;;;;;;;;;;0;0;;;;0;336;;86.605;53.696;130.416;392.882;;;;;;;336;663.599;;;663.935;;;
2004;2;0;0;0;;0;;;;;;;;;;;;;0;0;;;;0;305;;92.733;70.761;143.104;124.120;;;;;;;305;430.718;;;431.023;;;
2004;3;0;19.305;39.845;;0;;;;;;;;;;;;;4.480;30.660;;;;0;524;;89.144;71.575;128.769;132.458;;;;;;;94.814;421.946;;;516.760;;;
2004;4;24.030;44.839;87.101;;3.394;;;;;;;;;;;;;52.360;58.640;;;;0;531;;21.202;22.146;35.666;60.555;;;;;;;270.895;139.569;;;410.464;;;
2004;5;36.100;56.356;85.058;;21;;;;;;;;;;;;;17.500;18.570;;;;0;424;;62;3.656;9.184;179.236;;;;;;;214.029;192.138;;;406.167;;;
2004;6;36.370;50.731;90.679;;0;;;;;;;;;;;;;51.750;50.770;;;;0;409;;16.259;13.870;61.086;151.980;;;;;;;280.709;243.195;;;523.904;;;
2004;7;6.370;30.473;23.712;;0;;;;;;;;;;;;;0;0;;;;0;428;;15.483;14.440;77.153;285.301;;;;;;;60.983;392.377;;;453.360;;;
2004;8;0;15.993;26.004;;0;;;;;;;;;;;;;0;0;;;;0;409;;65.028;44.047;105.592;166.491;;;;;;;42.406;381.158;;;423.564;;;
2004;9;0;24.624;37.507;;0;;;;;;;;;;;;;0;0;;;;0;407;;52.239;37.049;91.053;169.286;;;;;;;62.538;349.627;;;412.165;;;
2004;10;0;0;0;;0;;;;;;;;;;;;;0;0;;;;0;407;;3.640;2.928;50.921;433.894;;;;;;;407;491.383;;;491.790;;;
2004;11;0;0;0;;0;;;;;;;;;;;;;0;0;;;;0;398;;6.864;6.000;41.546;558.694;;;;;;;398;613.104;;;613.502;;;
2004;12;0;48.446;0;;0;;;;;;;;;;;;;10;70;;;;0;442;;84.895;55.671;107.724;195.222;;;;;;;48.968;443.512;;;492.480;;;
2005;1;0;51.996;66.583;;0;;;;;;;;;;;;;44.020;32.390;;;;0;452;;37.111;29.121;65.174;85.422;;;;;;;195.441;216.828;;;412.269;;;
2005;2;0;45.641;73.459;;65;;;;;;;;;;;;;22.820;21.280;;;;0;362;;10.665;8.085;22.387;99.751;;;;;;;163.627;140.888;;;304.515;;;
2005;3;14.370;54.536;81.024;;5.251;;;;;;;;;;;;;60.770;55.140;;;;0;488;;18.098;14.950;29.950;74.286;;;;;;;271.579;137.284;;;408.863;;;
2005;4;11.180;18.180;28.764;;0;;;;;;;;;;;;;14.170;14.400;;;;0;468;;1.895;11.065;132.027;266.223;;;;;;;87.162;411.210;;;498.372;;;
2005;5;0;0;21.180;;42;;;;;;;;;;;;;280;230;;;;0;461;;58.877;43.147;190.725;495.007;;;;;;;22.193;787.756;;;809.949;;;
2005;6;0;1.005;5.179;;6;;;;;;;;;;;;;3.040;2.670;;;;0;446;;101.201;61.256;236.623;521.588;;;;;;;12.346;920.668;;;933.014;;;
2005;7;0;8.761;17.489;;9;;;;;;;;;;;;;3.440;2.420;;;;0;447;;107.616;64.887;205.996;417.779;;;;;;;32.566;796.278;;;828.844;;;
2005;8;0;24.179;40.121;;0;;;;;;;;;;;;;2.960;0;;;;0;440;;93.546;61.861;145.864;223.575;;;;;;;67.700;524.846;;;592.546;;;
2005;9;0;0;18.698;;0;;;;;;;;;;;;;100;0;;;;0;427;;79.149;55.750;125.178;472.762;;;;;;;19.225;732.839;;;752.064;;;
2005;10;0;0;0;;0;;;;;;;;;;;;;0;200;;;;0;400;;100.474;65.118;176.673;624.242;;;;;;;600;966.507;;;967.107;;;
2005;11;0;0;0;;0;;;;;;;;;;;;;160;0;;;;0;409;;79.413;48.526;114.790;360.470;;;;;;;569;603.199;;;603.768;;;
2005;12;0;13;82.680;;8;;;;;;;;;;;;;190;0;;;;0;440;;86.137;52.668;137.203;168.804;;;;;;;83.331;444.812;;;528.143;;;
2006;1;0;5.520;91.303;;0;;;;;;;;;;;;;0;0;;;;0;453;;72.587;50.987;135.759;90.390;;;;;;;97.276;349.723;;;446.999;;;
2006;2;1.830;36.699;78.523;;0;;;;;;;;;;;;;19.410;16.480;;;;0;399;;72.868;54.866;102.451;97.969;;;;;;;153.341;328.154;;;481.495;;;
2006;3;17.150;38.075;59.662;;0;;;;;;;;;;;;;8.110;9.360;;;;0;474;;398;2.407;12.249;78.214;;;;;;;132.831;93.268;;;226.099;;;
2006;4;4.540;46.711;65.328;;0;;;;;;;;;;;;;0;0;;;;0;615;;0;0;0;109.099;;;;;;;117.194;109.099;;;226.293;;;
2006;5;35.980;57.433;91.267;;6.665;;;;;;;;;;;;;70.140;67.520;;;;1.827;832;;18.718;13.119;36.260;118.513;;;;;;;331.664;186.610;;;518.274;;;
2006;6;35.200;52.273;78.065;;6.349;;;;;;;;;;;;;57.940;60.530;;;;1.433;913;;1.351;9.536;75.728;169.898;;;;;;;292.703;256.513;;;549.216;;;
2006;7;32.930;51.955;80.782;;0;;;;;;;;;;;;;520;530;;;;0;495;;41.949;31.833;166.052;89.471;;;;;;;167.212;329.305;;;496.517;;;
2006;8;14.090;58.006;78.996;;0;151;208;0;0;;;;;;;;;0;0;;;;0;484;;68.060;55.590;153.675;183.038;;;;;;;151.935;460.363;;;612.298;;;
2006;9;130;56.008;65.952;;0;653;420;0;0;;;;;;;;;0;0;;;;0;483;;26.392;21.295;63.970;249.932;;;;;;;123.646;361.589;;;485.235;;;
2006;10;30.610;43.008;63.607;;0;4.914;4.936;2.873;3.549;;;;;;;;;0;0;;;;0;587;;4.111;3.785;14.546;267.895;;;;;;;154.084;290.337;;;444.421;;;
2006;11;9.000;22.388;49.606;;0;645;378;602;545;;;;;;;;;370;350;;;;0;573;;1.037;3.792;63.199;386.462;;;;;;;84.457;454.490;;;538.947;;;
2006;12;9.200;36.174;33.674;;10;7.800;2.197;8.541;9.352;;;;;;;;;27.240;29.840;;;;0;584;;13.115;9.370;31.084;320.935;;;;;;;164.612;374.504;;;539.116;;;
2007;1;1.920;36.261;67.150;;0;9.278;6.888;9.349;6.657;;;;;;;;;0;0;;;;0;544;;4;0;3.298;251.427;;;;;;;138.050;254.729;;;392.779;;;
2007;2;23.450;34.496;38.909;;0;4.364;15.546;15.167;12.293;;;;;;;;;15.180;13.170;;;;0;453;;24;1.856;21.742;205.059;;;;;;;173.032;228.681;;;401.713;;;
2007;3;0;0;0;;0;836;18;31;1.134;;;;;;;;;0;0;;;;0;712;;14.330;25.430;183.385;541.436;;;;;;;2.734;764.581;;;767.314;;;
2007;4;0;225;0;;0;188;122;32;66;;;;;;;;;80;60;;;;0;704;;103.537;46.235;231.209;392.546;;;;;;;1.480;773.527;;;775.007;;;
2007;5;0;41.127;0;;0;2.793;3.785;3.418;1.246;;;;;;;;;12.010;11.840;;;;0;721;;100.978;32.441;212.543;538.298;;;;;;;76.944;884.260;;;961.204;;;
2007;6;0;57.306;0;;12;5.815;5.109;5.300;7.854;;;;;;;;;2.010;1.320;;;;0;660;;103.900;50.059;207.646;376.408;;;;;;;85.390;738.013;;;823.403;;;
2007;7;21.600;46.153;2.719;;1.501;25.887;25.061;21.354;25.067;;;;;;;;;55.760;0;;;;0;665;;104.058;63.879;184.520;318.963;;;;55;;;225.772;671.420;;;897.191;;;
2007;8;37.010;51.254;32.474;;183;19.246;18.865;6.368;8.882;;;;;;;;;76.440;0;;;;0;643;;103.019;69.749;130.214;405.600;;;;250;;;251.369;708.582;;;959.950;;;
2007;9;24.260;40.748;52.226;;0;2.296;1.970;1.958;1.199;;;;;;;;;960;0;;;;0;516;;85.408;58.820;153.551;312.302;;;;0;;;126.137;610.081;;;736.218;;;
2007;10;0;0;0;;0;0;0;0;0;;;;;;;;;0;0;;;;0;539;;82.845;50.097;229.895;664.045;;;;0;;;541;1.026.882;;;1.027.423;;;
2007;11;0;0;0;;0;33;278;243;0;;;;;;;;;2.730;0;;;;0;29;;63.901;40.570;99.309;623.414;;;;5.590;;;8.904;827.194;;;836.098;;;
2007;12;0;1.821;46.474;;117;10.902;20.167;8.682;9.784;;;;;;;;;31.430;0;;;;0;192;;103.740;62.618;174.137;240.303;;;;17.294;;;146.864;580.798;;;727.661;;;
2008;1;0;55.912;9.965;;8.863;29.999;35.350;29.989;33.099;1.232;;;;;;;;72.470;0;;;;2.054;320;;74.020;50.105;82.509;168.105;;;;9.702;;;288.978;374.739;;;663.717;;;
2008;2;25.570;50.814;44.126;;1.219;29.760;30.850;32.202;29.527;4.210;;;;;;;;67.015;0;;;;163;71;;71.692;51.123;105.345;119.844;;;;6.339;;;321.882;348.004;;;669.886;;;
2008;3;22.730;47.047;30.473;;4.582;19.153;21.371;21.328;19.356;15.939;4.809;;;;;;;57.465;12.850;;;;1.120;253;;41.667;31.297;58.061;53.707;;;;11.940;;;290.455;184.732;;;475.187;;;
2008;4;17.600;24.865;56.088;;4.277;24.022;24.734;27.298;25.408;9.718;24.001;;;;;;;66.280;28.340;;;;1.558;27;;18.894;15.046;40.028;200.155;;;;14.867;;;349.144;274.123;;;623.267;;;
2008;5;0;44.558;26.782;;3.135;27.805;32.553;31.242;29.780;20.305;27.704;;;;;;;57.350;63.680;;;;3.300;27;;14.940;11.351;16.869;181.230;;;;12.935;;;381.202;224.390;;;605.591;;;
2008;6;9.310;52.781;62.078;;3.624;30.554;33.201;32.332;31.088;9.394;33.225;;;;;;;42.690;5.880;;;;410;33;;15.938;14.962;30.255;306.133;;;;9.340;;;355.986;367.288;;;723.273;;;
2008;7;27.610;45.108;64.735;;0;29.338;30.062;34.335;25.996;21.384;31.512;;;;;;;56.300;14.770;;;;0;35;;12.444;10.773;29.298;337.425;;;;17.221;;;398.678;389.940;;;788.618;;;
2008;8;20.640;47.888;82.572;;0;14.378;21.908;22.421;22.978;13.701;19.268;;;;;;;0;20.220;;;;0;25;;18.266;16.584;39.349;409.149;;;;14.319;;;300.366;483.348;;;783.714;;;
2008;9;35.500;53.048;75.072;;0;6.714;8.868;9.329;2.581;11.746;9.641;;;;;;;0;0;;;;0;21;;82.599;51.858;96.753;279.529;;;;10.502;;;223.506;510.739;;;734.245;;;
2008;10;10.650;27.716;8.095;;0;4.600;8.732;13.663;835;12.074;17.300;;;;;;;2.860;13.610;;;;0;0;;3.401;4.006;24.955;489.606;;;;9.340;;;130.439;521.968;;;652.407;;;
2008;11;8.620;38.234;0;;1.072;16.434;17.769;557;8.004;19.349;22.629;;;;;;;14.940;7.380;;;;0;23;;18.436;10.194;14.630;502.694;;;;6.557;;;162.325;545.954;;;708.279;;;
2008;12;34.320;45.175;0;;1.034;26.323;31.613;974;26.249;31.882;32.640;;;;;;;73.510;0;;;;0;25;;34.175;23.971;36.374;180.292;;;;13.842;;;318.835;274.812;;;593.647;;;
2009;1;22.800;44.043;0;;3.374;22.950;26.951;0;17.463;29.902;30.892;;;;;;;71.650;17.540;;;;989;24;;69.438;52.036;94.000;135.996;2.759;;;21.065;;;308.817;351.470;3.586;;663.873;;;
2009;2;27.630;38.105;0;;2.178;24.776;25.377;0;14.152;24.106;23.091;;;;;;;60.540;60.170;;;;1.071;21;;32.387;26.743;57.336;85.333;2.051;;;11.114;;;315.087;201.799;2.712;;519.597;;;
2009;3;29.880;47.402;0;;0;21.350;23.823;0;20.007;0;25.716;;;;;;;57.920;51.860;;;;0;22;;12;5.157;36.149;93.252;1.818;;;17.119;;;294.369;134.570;2.550;;431.488;;;
2009;4;22.260;43.747;2.486;;1.812;30.094;18.028;0;28.294;9.312;30.498;;;;;;;70.240;65.290;;;;766;21;;29.226;21.561;61.613;79.495;2.153;;;16.465;;;338.527;191.895;2.940;;533.362;;;
2009;5;20.400;29.303;55.841;;5.958;30.993;0;0;29.273;30.317;30.607;;;;;;;59.830;60.850;;;;2.617;21;;17.552;14.225;18.904;49.611;2.875;;;20.765;;;376.160;100.292;3.492;;479.944;;;
2009;6;28.960;36.133;78.293;;7.795;30.025;17.699;26.633;27.610;28.885;22.240;;;;;;;56.650;65.910;;;;1.081;22;;482;1.060;3.281;145.099;2.751;;;22.159;;;449.691;149.922;3.157;;602.770;;;
2009;7;24.160;40.103;82.241;;1.809;32.631;22.292;35.444;28.876;27.490;20.995;;;;;;;31.060;71.590;;;;966;21;;183;2.510;72.195;293.972;3.684;;;14.063;;;432.544;368.860;4.884;;806.287;;;
2009;8;14.040;22.839;74.854;;0;15.772;14.504;7.964;15.162;14.667;0;;;;;;;3.610;5.870;;;;0;21;;437;3.559;46.323;471.660;3.403;;;10.128;;;198.130;521.979;4.706;;724.815;;;
2009;9;0;12.517;6.290;;0;2.553;1.972;0;294;2.368;0;;;;;;;0;0;;;;0;19;;17.899;13.204;72.156;579.498;3.100;;;9.469;;;34.023;682.757;4.561;;721.340;;;
2009;10;0;0;1.733;;0;0;15;0;0;0;0;;;;;;;0;0;;;;0;21;;12.871;10.505;83.226;637.582;2.439;;;12.763;;;13.447;744.184;3.525;;761.157;;;
2009;11;0;0;437;;0;2.903;318;0;2.222;4.131;0;;;;;;;0;0;;;;0;21;;84.263;47.419;219.832;463.733;2.406;;;10.532;;;20.185;815.247;2.787;;838.218;;;
2009;12;0;0;0;;0;1.557;991;0;1.805;1.657;0;;;;;;;20;310;;;;0;24;;97.557;47.288;233.581;533.314;2.519;;;23.906;;;30.057;911.740;2.733;;944.529;;;
2010;1;0;0;0;7.398;0;0;0;0;0;0;0;;;;;;;0;110;;;;0;25;;97.669;63.893;205.752;519.512;2.312;;;29.949;;;36.922;886.826;2.872;;926.619;;;
2010;2;0;0;0;1.022;0;0;0;0;3;0;0;;;;;;;0;0;;;;0;23;;87.177;41.995;198.075;480.689;2.427;;;17.651;;;17.991;807.936;3.136;;829.062;;;
2010;3;0;0;0;503;0;1.142;0;0;0;0;0;;;;;;;0;0;;;;0;25;;103.691;60.712;240.437;321.240;2.354;;;20.347;;;21.207;726.080;3.165;;750.451;;;
2010;4;3.560;0;28.190;31.002;0;4.149;5.336;0;3.773;3.339;0;;;;;;;0;0;;;;18;24;;99.674;64.148;145.422;266.992;2.257;;;19.551;;;98.191;576.236;3.008;;677.435;;;
2010;5;0;397;0;78;0;19;18;0;35;29;0;;;;;;;0;90;;;;0;26;;56.862;38.298;60.552;599.452;2.746;;;22.101;;;21.693;755.164;3.846;;780.702;;;
2010;6;0;1.996;31.042;46.533;0;22.473;21.766;0;21.043;18.865;0;;;;;;;0;34.715;;;;3;25;;92.474;60.788;185.958;401.353;7.084;;;28.716;;;225.809;740.573;8.452;;974.834;;;
2010;7;0;9.481;0;37.169;0;3.184;1.843;0;1.860;2.124;2.051;;;;;;;280;2.365;;;;0;26;;68.395;53.705;221.233;463.082;7.713;;;28.071;;;86.844;806.415;9.323;;902.582;;;
2010;8;0;22.720;28.970;41.257;0;9.347;8.871;0;9.740;9.075;8.976;;;;;;;0;19.390;;;;1;25;;89.191;56.284;199.543;483.755;5.552;;;22.865;;;180.308;828.773;6.480;;1.015.561;;;
2010;9;0;12.011;15.934;15.001;4;5.971;5.644;0;6.290;5.905;6.422;;;;;;;0;12.120;;;;0;22;;100.377;66.359;227.844;451.440;7.106;;;23.143;;;107.497;846.020;8.076;;961.593;;;
2010;10;0;14.756;2.594;19.033;2;4.992;1.779;0;4.208;2.460;1.892;;;;;;;0;110;;;;0;23;;85.700;51.355;136.032;618.295;5.251;;;15.196;;;66.111;618.295;6.186;;690.592;;;
2010;11;0;46.411;17.700;39.375;7;22.263;15.844;5.188;17.504;18.698;17.565;;;;;;;0;21.090;;;;0;24;;76.356;45.087;107.204;162.477;4.580;;;22.343;;;242.970;391.124;5.622;;639.717;;;
2010;12;0;26.350;61.702;38.802;230;21.878;22.314;20.777;21.272;21.900;22.842;;;;;;;0;28.960;;;;0;28;;1.883;936;9.899;397.067;6.452;;;34.547;;;320.215;409.785;7.839;;737.839;;;
2011;1;0;43.001;66.362;38.705;158;24.257;27.203;27.889;21.939;25.591;30.535;;;;;;;9.510;68.300;;;;0;29;;33.718;19.829;62.636;250.896;5.740;;;29.072;;;411.254;367.079;7.038;;785.370;;;
2011;2;15.830;29.851;61.843;34.570;40;10.836;20.344;19.298;16.231;22.816;22.008;;;;;;;28.530;30.030;;;;0;25;;13.527;10.719;13.708;317.091;5.451;;;26.659;;;337.768;355.045;6.592;;699.405;;;
2011;3;29.470;0;76.342;33.581;0;0;23.159;26.532;30.192;21.335;29.421;;;;;;;51.110;70.100;;;;0;26;;35.397;24.170;49.791;258.587;6.084;;;32.286;;;422.305;367.945;7.333;;797.583;;;
2011;4;1.210;0;76.687;30.352;0;14.116;23.628;24.222;25.037;23.113;23.045;;;;;;;40;20;;;;0;25;;5.313;3.156;10.347;432.597;4.776;;;34.731;;;274.642;451.413;6.519;;732.575;;;
2011;5;11.360;17.838;61.529;40.472;14;27.292;27.361;29.091;13.919;25.289;28.583;;;;;;;33.950;35.500;;;;0;26;;13.881;14.176;53.735;336.469;4.570;;;33.611;;;382.934;418.261;7.357;;808.552;;;
2011;6;1.450;30.862;10.294;27.756;24;20.857;20.559;21.792;10.253;20.035;20.777;;;;;;;25.400;25.680;;;;0;27;;51.424;39.150;157.907;330.616;6.347;;;33.575;;;264.763;579.097;10.834;;854.693;;;
2011;7;0;9.554;15.730;11.086;15;2.467;1.542;1.569;0;1.286;1.952;;;;;;;100;110;;;;0;28;;43.739;33.018;183.194;588.734;6.890;;;33.048;;;73.994;848.685;11.383;;934.063;;;
2011;8;0;0;0;4.658;39;832;495;633;0;1.402;1.469;;;;;;;140;110;;;;4;29;;55.244;42.065;163.361;637.270;7.736;;;35.428;;;40.098;897.940;12.876;;950.915;;;
2011;9;0;9.495;0;15.157;81;27;48;32;8;213;218;;;;;;;0;109;;;;0;26;;55.799;32.027;92.996;560.381;7.031;;;31.895;;;52.250;741.203;12.090;;805.542;;;
2011;10;0;6.698;15.713;15.888;53;51;91;95;95;35;82;;;;;;;0;335;;;;0;26;;74.192;45.220;120.884;471.087;6.045;;;16.155;;;51.645;711.383;9.717;;772.745;;;
2011;11;6.880;31.797;15.674;34.820;0;19.463;10.253;16.392;16.653;19.631;10.253;;;;;;;11.785;415;;;;0;28;;49.166;27.036;83.739;327.382;5.706;;;26.572;;;216.769;487.323;9.554;;713.645;;;
2011;12;4.030;16.513;79.970;53.639;0;27.621;28.874;28.846;28.585;27.964;28.668;;;;;;;25.530;25.160;;;;0;31;;43.645;24.330;44.811;140.740;5.619;;;34.607;;;405.651;253.526;10.007;;669.183;;;
2012;1;25.310;36.153;83.686;49.383;0;28.475;28.686;30.555;30.003;27.898;28.279;;;;;;;57.345;60.940;;;;0;32;;66.341;37.316;78.243;96.515;5.901;;;40.812;;;523.113;278.415;10.346;;811.873;;;
2012;2;17.420;43.482;67.145;45.157;36;21.212;28.187;29.429;28.847;26.688;27.477;;;;;;;28.625;62.860;;;;0;29;;57.124;44.740;121.733;90.968;4.503;;;40.849;;;464.609;314.565;7.337;;786.511;;;
2012;3;11.670;44.174;59.822;50.594;0;26.911;26.377;29.195;24.919;26.445;17.944;;;;;;;0;55.360;;;;0;31;;40.682;36.134;82.196;142.464;4.488;;;44.605;;;414.890;301.476;7.645;;724.011;;;
2012;4;28.810;48.726;67.594;47.463;0;29.573;30.613;31.456;28.272;28.192;0;;;;;;;0;56.340;;;;0;29;;60.853;45.793;90.685;87.444;3.989;;;48.529;;;442.808;284.775;6.778;;734.361;;;
2012;5;31.480;46.478;78.197;55.373;6.940;31.039;25.656;33.275;32.806;31.728;20.836;;;;;;;0;67.600;;;;2.017;29;;22.655;19.481;15.191;70.318;5.457;;;50.039;;;509.827;127.645;9.123;;646.595;;;
2012;6;32.340;56.767;73.418;54.991;9.161;26.740;29.748;30.446;31.116;29.396;31.545;;;;;;;0;66.440;;;;2.039;31;;23.491;19.853;94.071;80.495;6.500;;;42.466;;;512.187;217.910;10.956;;741.052;;;
2012;7;6.650;56.430;72.926;51.757;93;27.831;28.647;27.040;31.008;25.176;24.357;15.341;;;;;;0;7.100;;0;0;0;29;;90.635;60.200;182.902;174.434;5.785;;;39.154;;;409.187;508.171;10.140;;927.498;;;
2012;8;0;29.791;67.082;50.877;28;19.163;19.373;14.755;14.631;10.082;9.010;4.791;;;;;;0;0;;0;0;0;31;;44.184;41.007;172.720;302.704;6.147;;;44.079;;;279.676;560.616;10.164;;850.455;;;
2012;9;0;43.774;45.194;48.662;26;2.372;4.987;5.371;4.303;4.273;4.749;162;;;;;;0;0;;0;0;0;28;;96.943;62.152;213.802;178.827;6.828;;;40.568;;;199.596;551.724;11.700;;763.020;;;
2012;10;0;7.108;15.670;11.496;1;92;0;818;824;876;1.085;0;;;;;;1.460;0;;0;0;0;32;;82.467;58.161;206.636;454.402;5.067;;;26.458;;;62.524;801.666;8.463;;872.653;;;
2012;11;0;24.238;8.371;25.158;30;10.567;10.150;10.555;10.728;10.712;10.876;1.184;;;;;;6.103;1.278;;0;0;0;29;;95.588;56.219;155.365;349.154;4.731;;;42.951;;;169.252;656.326;8.409;;833.987;;;
2012;12;0;29.302;31.322;21.667;75;11.316;10.979;12.261;12.247;5.499;10.993;20.640;;;;;;0;0;;0;0;0;32;;54.437;38.104;177.206;384.552;5.353;;;44.946;;;206.820;654.299;9.813;;870.932;;;
2013;1;0;8.034;5.962;16.028;337;2.353;2.344;2.879;2.319;2.917;0;0;;;;;;0;0;;0;0;0;32;;79.079;45.707;126.410;541.608;2.589;;;54.227;;;92.711;792.804;9.812;;895.326;;;
2013;2;26.680;18.818;71.419;38.838;113;22.999;25.125;26.437;25.365;23.560;0;43.125;;;;;;43.600;13.200;;42;53;0;30;;50.606;36.140;78.697;194.872;4.654;;;49.702;;;423.502;360.315;10.259;;794.076;;;
2013;3;9.200;6.640;25.342;21.111;0;46;119;0;0;0;0;0;;;;;;0;0;;998;954;0;31;;54.561;37.680;82.244;509.158;4.218;;;52.219;;;112.281;683.643;9.152;;805.077;;;
2013;4;0;10.566;7.781;18.611;0;21;31;35;32;18;0;233;;;;;;160;190;1.930;30;35;0;18;;44.044;29.481;77.807;544.068;5.414;;;55.859;;;90.455;697.372;10.510;;798.336;;;
2013;5;1.440;0;48.557;41.303;0;9.602;10.335;10.961;10.441;8.554;0;0;1.218;;;;;220;240;2.362;42;32;0;41;;74.334;56.143;204.294;345.210;5.796;;;52.710;;;192.193;679.981;11.662;;883.836;;;
2013;6;6.670;169;76.956;49.350;0;5.951;30.907;32.896;28.887;28.389;0;30.272;203;;;;;0;130;269;66;39;0;31;;95.635;64.643;146.353;262.917;5.484;;;55.843;;;340.913;569.548;11.599;;922.060;;;
2013;7;0;0;25.958;44.247;0;12.739;14.347;14.895;12.724;14.317;0;20.639;278;;;;;3.170;2.800;381;65;57;0;32;;76.050;58.067;177.302;462.653;6.081;17;;50.256;;;209.438;774.072;13.547;17;997.074;;;
2013;8;30.590;604;22.356;36.456;0;19.630;18.207;18.762;18.588;18.170;0;17.216;348;;;;;0;0;5.769;49;14;0;32;;84.777;64.043;167.625;386.187;6.012;64;;53.567;;;252.113;702.632;14.257;64;969.066;;;
2013;9;24.840;0;52.742;22.894;0;19.558;16.891;16.590;16.233;17.119;1.187;28.439;776;;;;;260;110;564;27;26;0;30;;34.261;32.567;118.554;428.875;6.578;64;;38.219;;;247.798;614.257;15.286;64;877.404;;;
2013;10;0;0;14.230;9.400;0;7.738;2.129;7.032;7.232;7.303;7.216;6.877;410;;;;;0;0;7.167;31;50;0;30;;88.179;57.042;146.592;403.333;4.973;76;;50.697;;;121.312;695.146;11.202;76;827.737;;;
2013;11;0;0;0;206;0;76;68;4;0;6;0;87;112;;;;;0;480;243;58;43;0;29;;89.249;57.909;158.714;595.652;5.979;46;;44.706;;;39.671;901.524;12.426;46;953.668;;;
2013;12;0;21.459;41.851;23.068;0;13.801;14.382;13.278;14.050;13.980;14.968;13.677;14.730;;;;;3.900;0;13.984;0;0;0;49;;104.970;63.148;197.640;368.719;4.449;78;;49.649;;;261.277;734.477;9.997;78;1.005.829;;;
2014;1;21.130;15.825;67.910;38.547;0;18.127;18.175;17.004;18.461;17.749;18.206;24.543;23.576;;;;;7.020;0;24.897;1.709;2.036;0;35;;99.793;64.095;149.148;316.657;3.756;72;;49.538;;;379.209;629.693;9.036;72;1.018.009;;;
2014;2;1.980;0;52.829;36.961;0;7.532;9.141;6.357;6.335;5.377;8.863;1.105;923;;;;;0;0;944;1;0;0;29;;93.681;57.860;219.152;248.658;2.556;58;;45.582;;;179.306;619.351;7.209;58;805.923;;;
2014;3;0;0;41.150;22.603;0;0;0;0;0;0;44;77;0;;;;;160;0;232;22;24;0;32;;96.202;62.885;186.888;367.060;3.962;65;;49.858;;;102.175;713.035;15.990;65;831.264;;;
2014;4;0;0;0;1.153;0;342;4;0;134;160;235;318;0;;;;;0;0;110;26;28;0;31;;95.331;61.100;222.584;423.903;4.511;60;;62.158;;;45.574;802.918;23.636;60;872.188;;;
2014;5;0;0;0;5.767;0;1.090;546;606;591;139;364;683;0;;;;;0;0;437;32;28;0;31;;106.593;69.882;190.630;493.977;3.920;42;;69.803;;;58.493;861.082;25.544;42;945.161;;;
2014;6;0;9;5.088;8.247;0;1.322;1.595;822;1.268;1.072;1.413;164;157;;;;;120;0;321;0;0;4;33;;55.621;33.855;130.960;606.112;5.180;43;;110.559;;;87.392;826.548;49.982;43;963.965;;;
2014;7;0;4.324;20.878;13.221;0;3.704;3.364;3.243;2.848;2.090;2.234;643;64;;;;;220;1.488;426;29;36;0;32;;101.308;60.397;235.969;532.478;5.349;44;;142.458;;;130.759;930.152;75.894;44;1.136.848;;;
2014;8;0;0;0;7.159;0;250;242;92;157;104;231;0;0;;;;;120;60;342;27;26;0;32;;104.037;65.735;222.256;440.068;8.185;69;;147.383;;;75.127;832.096;89.283;69;996.575;;;
2014;9;0;0;0;9.201;0;0;0;0;0;14;0;0;0;;;;;0;0;116;0;0;0;29;;92.650;49.519;201.878;507.558;18.311;56;;150.882;;;71.626;851.605;106.927;56;1.030.214;;;
2014;10;0;0;0;733;0;102;194;218;19;226;147;446;0;;;;;140;100;255;27;26;0;29;;94.172;64.558;244.571;542.669;20.686;65;;157.647;;;68.144;945.970;112.852;65;1.127.030;;;
2014;11;0;0;0;1.427;0;330;147;148;160;162;166;128;0;;;;;0;240;71;47;35;0;31;;100.036;58.918;226.992;446.528;14.514;67;;162.378;;;72.063;832.474;107.920;67;1.012.525;;;
2014;12;0;0;0;4.029;0;423;387;291;0;268;147;0;0;;;;;300;0;459;88;88;0;35;;97.707;61.447;194.986;450.065;20.963;57;;148.849;;;73.092;804.205;103.234;57;980.587;;;
2015;1;0;0;0;3.807;0;479;506;731;198;738;876;11;169;;;;;170;180;277;67;65;0;36;;101.240;65.495;198.891;520.836;18.391;69;;149.410;;;68.937;886.462;107.174;69;1.062.642;;;
2015;2;0;0;9.967;28.180;0;232;96;169;174;200;136;397;812;;;;;1.110;850;2.106;198;316;0;27;;91.494;51.813;126.900;374.115;16.976;44;;142.636;;;102.797;644.322;101.786;44;848.949;;;
2015;3;0;472;0;24.011;0;12.036;11.874;11.550;11.742;11.844;12.453;829;131;;;;;0;0;326;;;0;29;;100.054;62.984;171.775;319.165;23.954;72;;131.049;;;146.198;653.978;106.102;72;906.349;;;
2015;4;0;4.547;305;35.085;0;27.413;28.761;25.288;27.016;26.837;27.132;18.496;17.350;;;;;5.160;6.480;24.603;;;0;26;;53.439;39.523;39.548;186.749;20.876;71;;187.300;;;354.179;319.259;128.496;71;802.006;;;
2015;5;0;0;0;38.207;0;29.858;33.043;27.738;30.255;30.739;30.547;47.584;31.783;;;;;0;1.700;38.535;;;0;25;;2.391;1.301;4.595;309.369;24.014;54;;179.270;;;415.804;317.656;127.494;54;861.009;;;
2015;6;0;0;0;38.761;0;14.538;14.771;12.365;9.649;13.083;13.097;1.029;43;;;;;0;0;3.166;;;0;29;;40.595;28.196;65.647;433.681;26.294;48;;226.620;;;203.853;568.119;169.592;48;941.612;;;
2015;7;0;0;0;6.974;0;1.075;1.870;894;1.041;3.050;850;2.657;0;;;;;200;1.580;5.640;;;0;29;;53.905;37.101;85.553;573.266;26.638;45;1.624;209.401;;;103.724;749.825;158.174;1.668;1.013.392;;;
2015;8;0;0;0;997;0;56;251;160;152;115;0;0;0;;;;;0;0;0;;;0;30;;30.767;32.145;158.665;478.147;32.372;45;4.571;258.967;;;69.726;699.724;223.375;4.616;997.440;;;
2015;9*;0;0;0;116;0;165;64;0;0;0;0;0;0;;;;;0;0;0;;;0;22;;82.135;54.655;169.669;317.409;29.328;62;8.245;258.550;;;76.486;623.868;211.759;8.307;920.420;;;
2015;10;0;0;0;199;0;0;0;0;49;0;0;0;0;;;;;0;0;0;;;0;25;;97.826;64.467;244.325;449.964;35.874;57;8.365;319.792;;;69.593;856.582;286.346;8.422;1.220.943;;;
2015;11;0;0;0;125;0;13;0;0;9;0;0;0;0;;;;;0;0;0;;;0;24;;97.704;66.180;219.950;454.248;30.276;64;9.839;267.874;;;65.859;838.082;232.462;9.903;1.146.306;;;
2015;12;0;0;0;2.710;0;1.352;1.169;1.049;977;994;827;1.526;227;;;;;950;750;912;;;0;28;;70.638;46.215;130.876;448.952;23.742;49;9.716;246.022;;;79.152;696.681;204.084;9.765;989.682;;;
2016;1;0;0;0;3.112;0;1.520;1.499;1.133;1.093;1.402;989;2.023;2.071;;;;;2.240;1.980;0;;;0;33;8;96.011;62.630;185.001;427.154;24.156;76;12.134;280.008;;;95.756;770.796;227.503;12.218;1.106.273;;;
2016;2;0;0;0;6.437;0;3.523;3.856;3.465;3.981;4.086;3.312;7.587;7.323;;;;;7.480;7.790;0;;;0;28;4;73.341;44.867;135.468;420.476;20.022;64;11.568;228.402;;;130.587;674.152;176.704;11.637;993.080;;;
2016;3;;0;0;6.793;;533;548;522;575;604;522;0;0;;;;;510;390;;;;0;6;7;60.659;47.622;66.428;357.967;27.217;66;13.555;280.904;;;92.332;532.676;226.792;13.622;865.422;;;
2016;4;;0;0;3.294;;803;483;779;556;399;74;0;0;;;;;120;130;;;;0;30;7;35.139;26.135;142.291;439.284;28.842;33;7.107;262.676;;;49.616;642.849;248.570;7.147;948.181;;;
2016;5;;0;0;7.294;;2.404;1.019;1.110;1.050;1.158;835;;;55;;;;0;170;;;;0;29;5;70.448;56.541;192.415;502.300;25.409;38;8.461;252.135;;;93.140;821.704;199.527;8.504;1.122.875;;;
2016;6;;0;0;39.946;;25.911;26.156;22.149;25.503;25.440;23.564;;;8.852;;;;7.960;43.720;;;;0;29;5;70.903;67.326;196.612;352.132;21.840;45;9.235;273.647;;;325.919;686.973;218.798;9.284;1.240.973;;;
2016;7;;;;3.786;;20;532;1.058;853;1.055;362;;;83;;;;0;0;;;;0;29;4;69.211;58.523;163.291;487.617;27.373;38;8.446;306.951;;;91.238;778.642;250.864;8.489;1.129.233;;;
2016;8;;;;11.347;;558;911;618;386;453;308;;;144;;;;940;220;;;;0;28;6;73.133;56.952;187.011;297.281;25.972;59;12.693;309.308;;;91.447;614.377;259.746;12.757;978.327;;;
2016;9;;;;373;;126;0;101;0;0;20;;;65;;;;0;0;;;;0;27;5;60.907;32.264;138.060;326.718;28.858;61;13.392;329.179;;;70.868;557.949;287.880;13.460;930.157;;;
2016;10;;;;2.542;;0;0;0;0;0;50;;;65;;;;0;0;;;;0;26;6;27.799;19.078;75.418;325.303;32.819;62;13.711;382.819;;;69.790;447.598;348.530;13.779;879.698;;;
2016;11;;;;130;;48;0;40;0;0;0;;;60;;;;0;0;;;;0;25;7;54.367;31.726;106.079;320.239;22.118;71;16.030;304.294;;;61.549;512.411;265.167;16.109;855.235;;;
2016;12;;;;24.879;;1.999;2.386;1.538;2.163;1.943;2.072;;;1.276;;;;3.120;1.790;;;;0;31;7;75.432;49.181;155.053;281.695;20.679;68;15.222;332.245;;;120.423;561.361;275.698;15.297;972.779;;;
2017;1;;;;1.060;;129;188;0;0;0;175;;;0;19.785;;;0;0;;;;0;33;6;35.975;23.722;74.925;435.083;19.487;65;14.737;357.574;;;99.201;569.705;299.231;14.808;982.945;;;
2017;2;;;;6.622;;660;1.494;1.399;2.417;1.523;2.125;;;834;6.178;;;1.050;1.120;;;;0;27;6;75.146;50.203;115.711;359.207;13.181;58;12.761;262.054;;;102.299;600.267;198.386;12.825;913.777;;;
2017;3;;;;1.335;;224;327;118;275;253;459;;;350;32;;;450;480;;;;0;29;6;58.211;37.834;92.006;407.059;31.815;70;14.413;358.706;;;80.090;595.110;314.763;14.489;1.004.453;;;
2017;4;;;;183;;110;41;14;50;43;124;;;104;0;;;270;280;;;;0;29;5;41.555;27.727;70.982;352.054;45.518;58;12.082;375.985;;;76.450;492.318;346.301;12.145;927.214;;;
2017;5;;;;863;;0;79;0;183;138;43;;;102;203;0;;0;0;;;;0;31;4;59.475;38.701;120.981;518.872;44.705;39;9.059;329.867;;;58.152;738.029;317.859;9.102;1.123.141;;;
2017;6;;;;8.639;;0;1.733;1.922;3.540;2.146;3.504;;;1.042;5.540;15.179;;970;1.300;;;;0;29;5;41.171;25.123;64.726;423.824;29.397;38;11.797;315.583;;;130.237;554.844;260.287;11.840;957.208;;;
2017;7;;;;248;;394;136;0;133;0;82;;;0;543;6.163;;0;0;;;;0;34;4;53.217;31.662;83.837;339.059;44.546;41;12.788;456.214;;;96.483;507.775;412.005;12.834;1.029.097;;;
2017;8;;;;2.176;;287;642;162;251;447;939;;;248;0;269;;0;430;;;;0;30;5;86.107;46.256;176.869;450.804;35.404;53;16.059;325.873;;;85.735;760.036;281.423;16.117;1.143.310;;;
2017;9;;;;5.726;;817;227;765;368;1.039;1.412;;;552;8.614;12.957;;1.769;2.896;;;;0;32;4;69.930;49.078;167.679;424.794;28.541;45;20.071;315.256;;;109.511;711.481;271.462;20.121;1.112.574;;;
2017;10;;;;5.554;;1.085;786;290;1.322;1.122;1.614;;;226;787;0;;0;468;;;;0;43;5;66.591;36.008;114.290;484.679;38.993;51;30.080;345.107;;;80.842;701.568;316.553;30.136;1.129.099;;;
2017;11;;;;5.056;;798;308;512;1.191;538;938;;;79;733;0;;1.690;200;;;;0;37;6;48.641;20.821;94.271;418.859;36.510;73;44.177;389.074;;;77.975;582.592;359.689;44.256;1.064.513;;;
2017;12;;;;12.154;;3.275;2.045;3.323;4.884;3.854;4.233;;;65;10.148;0;;640;630;;;;0;33;7;62.845;41.619;106.000;252.818;38.994;72;46.102;419.902;;;126.220;463.282;377.961;46.181;1.013.644;;;
2018;1;;;;29.212;;5.840;5.296;7.411;6.030;7.340;5.385;;;0;3.369;;;;;;;;0;33;7;69.352;49.953;85.233;210.285;39.976;72;46.603;434.146;;;151.156;414.823;392.882;46.681;1.005.543;;;
2018;2;;;;12.826;;56;48;98;0;0;190;;;19;1.037;0;;0;0;;;;0;35;6;53.959;41.196;65.927;266.444;34.407;69;42.861;385.017;;;85.780;427.526;347.954;42.936;904.195;;;
2018;3;;;;25.217;;6.882;5.587;5.739;7.267;7.484;5.741;;;327;1.711;0;;50;140;;;;0;36;6;44.742;40.808;73.678;190.320;33.307;73;40.866;406.136;;;145.437;349.548;360.186;40.939;896.111;;;
2018;4;;;;7.678;;712;480;443;499;622;592;;;341;1.714;846;;0;0;;;;0;32;5;27.730;30.682;60.240;269.484;37.851;49;28.309;399.960;;;89.904;388.136;361.866;28.314;868.221;;;
2018;5;;;;628;;174;7;5;7;438;432;;;31;1.927;477;;0;0;;;;0;33;4;34.248;38.864;68.029;373.488;42.668;38;19.855;417.248;;;69.300;514.629;394.774;19.859;998.563;;;
2018;6;;;;22.475;;1.688;1.615;469;3.180;1.727;2.511;;;28;22.072;935;852;220;70;;;;0;32;5;68.658;63.799;138.816;273.459;39.671;44;24.280;448.601;;;128.614;544.732;417.532;24.329;1.115.206;;;
2018;7;;;;6.227;;345;436;410;955;819;1.447;;;50;22.769;26.111;9.949;0;0;;;;0;36;4;63.592;55.981;149.162;314.264;51.745;31;17.821;493.105;;;142.571;583.000;471.835;17.856;1.215.261;;;
2018;8;;;;9.004;;22;1.949;1.873;2.201;417;2.298;;;198;3.426;2.005;0;360;0;;;;0;37;5;85.890;53.416;187.576;200.826;61.314;55;31.069;522.501;;;97.398;527.708;510.208;31.129;1.166.442;;;
2018;9;;;;5.526;;0;1.787;1.727;1.948;1.645;431;;;822;2.762;538;0;0;0;;;;0;41;5;50.248;43.936;122.691;374.078;53.208;28;29.454;422.805;;;70.218;590.953;423.022;29.487;1.113.680;;;
2018;10;;;;4.569;;20;293;376;450;524;597;;;2.141;1.088;3.013;0;1.360;0;;;;0;31;7;31.976;21.500;72.969;541.052;44.562;40;34.465;317.815;;;69.321;667.497;307.519;34.512;1.078.848;;;
2018;11;;;;388;;182;53;181;114;315;237;;;108;287;236;0;0;120;;;;0;33;6;23.459;17.117;70.993;508.276;51.250;66;35.349;383.101;;;45.444;619.845;391.161;35.420;1.091.870;;;
2018;12;;;;615;;24;22;19;0;23;25;;;65;2.174;2.332;0;0;0;;;;0;36;6;50.882;28.741;140.092;442.166;33.165;58;37.989;381.942;;;81.313;661.881;339.129;38.054;1.120.376;;;
2019;1;;;;7.696;;642;970;783;405;1.316;1.377;;;3.473;23.328;24.715;17.280;270;230;;;;0;41;5;90.916;59.246;232.926;476.513;42.258;47;34.104;410.866;;;156.888;859.601;378.762;34.156;1.429.407;;;
2019;2;;;;4.309;;1.312;2.874;2.017;123;3.692;3.758;;;2.472;17.436;17.234;12.413;0;0;;;;0;38;5;85.652;54.483;191.208;318.124;36.381;59;40.920;321.150;;;139.456;649.467;285.754;40.984;1.115.661;;;
2019;3;;;;215;;106;164;223;16;271;310;;;33;0;0;0;290;0;;;;0;41;7;45.401;29.603;107.120;453.391;45.543;66;40.203;443.065;;;74.514;635.515;415.762;40.276;1.166.067;;;
2019;4;;;;31;;32;194;69;44;91;372;;;15;0;299;0;0;70;;;;0;37;4;94.043;64.167;132.621;295.391;36.812;51;30.397;363.092;;;78.021;586.222;323.136;30.452;1.017.832;;;
2019;5;;;;215;;7;23;22;11;23;23;;;108;0;1;0;0;0;;;;0;36;3;48.277;37.585;99.191;612.415;43.331;31;20.949;425.311;;;79.233;797.468;389.879;20.983;1.287.563;;;
2019;6;;;;894;;376;120;348;441;319;307;;;637;622;629;0;550;630;;;;0;37;2;10.176;12.232;95.784;333.332;44.591;33;18.449;451.268;;;76.544;451.524;425.225;18.484;971.777;;;
2019;7;;;;3.083;;200;124;0;190;88;0;;;1.028;153;1.014;0;560;460;;;;0;59;5;77.166;50.726;176.404;331.045;47.606;36;25.043;480.683;;;85.339;635.341;449.910;25.084;1.195.673;;;
2019;8;;;;2.674;;39;164;158;409;262;288;;;851;1.405;2.732;0;109;80;;;;0;58;11;93.813;61.048;210.723;430.954;60.094;58;32.812;506.445;;;87.065;796.538;488.702;32.880;1.405.187;;;
2019;9;;;;1.676;;11;62;315;116;258;184;;;392;22.759;21.837;22.510;0;0;;;;0;32;6;81.450;45.486;145.538;189.128;46.568;63;31.768;370.049;;;144.183;461.602;342.586;31.837;980.208;;;
2019;10;;;;77;;27;0;385;0;476;386;;;2;10.324;10.723;9.246;0;0;;;;0;44;5;90.432;34.886;207.295;284.773;56.532;43;26.127;453.360;;;104.201;617.386;437.380;26.175;1.185.142;;;
2019;11;;;;1.752;;0;320;435;84;60;325;;;743;0;808;0;0;0;;;;0;70;5;90.705;57.259;211.446;546.645;50.053;47;42.647;384.240;;;33.400;906.055;405.490;42.698;1.387.644;;;
2019;12;;;;1.003;;0;0;203;54;23;255;;;63;0;0;0;0;0;;;;0;45;6;84.352;51.424;129.278;344.953;41.319;66;45.741;427.657;;;77.050;610.007;393.573;45.813;1.126.444;;;
2020;1;;;;9.885;;105;84;138;0;0;60;;;1.617;13.593;3.841;5.489;0;0;;;;0;69;48;83.628;60.610;134.514;150.199;45.870;64;43.911;437.826;;;118.510;428.951;400.067;44.023;991.550;;;
2020;2;;;;8.457;;158;153;201;232;146;133;;;191;16.033;17.169;17.092;5;0;;;;0;71;33;68.543;54.746;91.257;129.165;39.821;66;42.645;429.851;;;144.352;343.711;385.362;42.745;916.169;;;
2020;3;;;;11.632;;0;0;29;22;0;0;;;0;28.206;34.278;31.900;0;0;;;;0;69;36;44.510;38.620;63.272;70.914;39.844;66;38.263;432.064;;;194.332;217.316;383.712;38.365;833.725;;;
2020;4;;;;201;;56;0;0;0;67;81;;;126;299;503;0;0;0;;;;0;67;33;8.576;8.166;9.609;54.265;49.074;63;34.036;512.284;;;86.846;80.616;475.912;34.132;677.507;;;
2020;5;;;;0;;17;14;17;29;0;0;;;90;547;555;260;0;0;;;;0;77;31;8.922;9.987;41.488;132.552;53.579;18;29.710;559.125;;;94.715;192.949;519.595;29.759;837.018;;;
2020;6;;;;2.501;;264;757;547;555;1.070;1.108;;;153;954;625;221;0;0;;;;0;51;18;21.845;23.359;73.573;421.774;51.151;19;18.856;464.157;;;103.182;540.551;420.932;18.893;1.083.558;;;
2020;7;;;;7.665;;2.246;2.650;2.676;3.207;3.463;3.486;;;2.381;8.012;17.944;8.994;0;0;;;;0;69;25;12.001;11.045;77.410;547.902;51.632;34;24.003;542.120;;;151.593;648.358;504.952;24.061;1.328.965;;;
2020;8;;;;1.280;;20;197;275;431;548;531;;;17;0;0;0;0;0;;;;0;74;30;8.720;7.134;38.960;351.659;59.754;53;29.551;542.883;;;97.261;406.473;508.749;29.634;1.042.116;;;
2020;9;;;;831;;14;297;29;360;392;352;;;193;481;0;0;0;0;;;;0;38;38;13.764;15.788;85.042;286.492;55.262;55;32.420;483.196;;;79.668;401.086;461.777;32.512;975.043;;;
2020;10;;;;13.408;;3.156;3.135;3.838;3.681;1.860;2.348;;;300;13.931;19.045;16.056;507;64;;;;0;37;43;49.771;34.385;84.363;192.307;57.661;58;39.994;525.395;;;173.378;360.826;491.044;40.095;1.065.344;;;
2020;11;;;;34.827;;13.384;13.849;12.091;13.357;14.537;11.534;;;8.931;39.535;40.877;34.980;1.090;7.400;;;;0;38;44;52.515;40.162;80.857;63.319;45.870;64;43.911;437.826;;;330.058;236.853;400.067;44.019;1.010.996;;;
2020;12;;;;28.262;;11.267;12.551;10.960;12.103;12.999;11.520;;;3.829;30.913;26.158;28.394;210;4.530;;;;0;45;41;25.090;17.883;27.614;122.662;47.663;64;46.362;512.098;;;287.538;193.249;465.964;46.468;993.219;;;
2021;1;;;;31.624;;6.909;7.920;6.694;7.375;7.671;6.772;;;4.792;64.616;66.213;70.137;0;0;;;;0;44;47;18.465;15.959;22.914;198.432;46.894;57;42.460;481.543;;;369.420;255.770;439.783;42.563;1.107.537;;;
2021;2;;;;13.504;;1.466;1.160;1.241;1.502;2.028;2.843;;;91;10.544;26.313;19.044;0;0;;;;0;38;37;43.249;34.241;69.220;333.794;31.456;64;38.376;347.723;;;153.650;480.504;305.302;38.477;977.934;;;
2021;3;;;;25.204;;2.020;1.709;1.953;1.477;1.915;1.390;;;569;81.431;73.719;1.201;0;0;;;;0;38;41;27.788;22.436;40.120;96.425;38.303;57;34.113;377.542;;;276.969;186.769;331.502;34.212;829.451;;;
2021;4;;;;16.181;;1.117;1.225;1.001;1.079;1.499;1.000;;;273;21.643;6.602;0;0;0;;;;0;35;32;40.120;35.659;114.934;122.951;48.735;55;32.670;419.983;;;126.995;313.664;393.378;32.756;866.793;;;
2021;5;;;;16.602;;3.044;3.030;2.641;2.756;2.718;2.672;;;678;51.616;38.949;48.088;2.220;2.330;;;;0;33;32;58.978;48.086;109.096;121.157;43.666;43;29.423;491.294;;;269.618;337.317;442.720;29.498;1.079.154;;;
2021;6;;;;12.728;;3.308;3.635;3.315;3.634;2.859;704;;;1.855;16.416;9.174;13.235;410;0;;;;0;33;32;35.708;36.693;173.227;372.025;49.972;33;20.202;518.894;;;166.238;617.653;473.934;20.268;1.278.093;;;
2021;7;;;;18.016;;4.071;3.223;3.778;4.253;3.838;0;;;1.085;46.237;52.488;51.366;100;260;;;;0;35;30;55.516;36.615;167.104;376.439;56.486;49;29.400;551.550;;;282.965;635.674;513.821;29.479;1.461.939;;;
2021;8;;;;39.281;;12.155;11.516;10.227;11.683;10.826;0;;;3.358;88.410;91.402;97.982;910;840;;;;0;35;34;86.160;56.631;193.154;165.427;55.736;54;34.258;411.653;;;469.715;501.372;376.299;34.346;1.381.732;;;
2021;9;;;;29.974;;1.303;1.508;1.188;488;1.221;42;;;962;96.568;82.865;94.802;0;0;;;;0;34;28;67.272;60.140;198.353;389.066;58.297;36;31.218;486.427;;;394.279;714.831;461.400;31.282;1.601.792;;;
2021;10;;;;27.524;;6.233;5.054;5.327;4.200;0;7.024;;;3.897;29.674;45.661;37.220;0;0;;;;0;35;45;60.294;55.339;108.262;403.690;49.745;61;46.630;446.463;;;257.603;627.585;410.454;46.736;1.342.378;;;
2021;11;;;;29.685;;946;723;638;439;16;1.021;;;260;22.659;89.480;58.195;100;270;;;;0;57;37;45.517;33.184;54.234;196.347;48.214;69;45.536;465.627;;;289.363;329.282;428.967;45.643;1.093.255;;;
2021;12;;;;32.133;;3.970;4.443;3.376;4.007;4.494;5.149;;;2.421;76.395;47.384;64.298;1.510;2.020;;;;0;34;41;57.053;45.648;82.124;91.664;45.607;77;51.307;431.613;;;335.112;276.489;393.742;51.425;1.056.768;;;
2022;1*;;;;33.807;;13.147;12.664;10.067;11.627;16.412;15.867;;;5.751;86.741;89.890;95.583;6.330;5.370;;;;0;31;35;29.545;29.140;82.521;57.463;50.249;59;44.244;449.861;;;481.605;198.669;421.791;44.338;1.146.403;;;
2022;2;;;;23.976;;9.568;10.258;6.836;8.539;12.209;13.772;;;1.814;92.900;84.262;92.798;600;0;;;;0;17;32;15.128;14.281;89.224;47.456;40.947;64;39.391;367.108;;;428.019;166.089;337.585;39.488;971.181;;;
2022;3*;;;;21.515;;544;665;349;477;945;1.018;;;309;50.478;24.104;37.906;0;0;;;;0;25;35;24.275;27.265;86.284;152.827;46.947;35;36.651;412.477;;;188.816;290.651;408.944;36.722;925.134;;;
2022;4*;;;;6.457;;106;108;96;13;0;0;;;23;29;30;0;180;220;;;;0;32;31;6.769;12.006;29.837;460.608;39.798;38;33.671;332.777;;;92.185;509.220;287.683;33.740;922.829;;;
2022;5*;;;;2.989;;729;724;268;315;1.363;1.700;;;287;0;591;0;0;0;;;;0;45;27;17.764;18.744;52.876;491.585;42.335;50;27.939;379.485;;;97.477;580.969;333.354;28.016;1.039.815;;;
2022;6*;;;;11.524;;3.622;3.942;2.264;2.758;4.887;6.502;;;305;7.350;9.622;7.467;0;150;;;;0;23;20;44.262;32.912;94.726;549.881;39.416;42;22.534;397.398;;;151.182;721.781;346.048;22.596;1.241.608;;;
2022;7*;;;;9.376;;478;505;159;338;628;870;;;0;25.420;19.147;23.081;0;0;;;;0;25;21;71.499;46.163;155.963;566.553;58.365;29;23.175;522.138;;;176.495;840.178;484.036;23.225;1.523.934;;;
2022;8*;;;;1.217;;257;253;0;205;304;445;;;14;2;0;0;0;0;;;;0;24;31;103.959;56.350;208.841;514.326;58.462;42;32.600;453.310;;;88.544;883.476;425.950;32.673;1.430.642;;;
2022;9*;;;;1.601;;107;95;244;315;346;461;;;84;625;456;0;0;5;;;;0;34;35;75.675;50.889;115.361;266.502;48.361;47;41.309;409.674;;;75.624;508.427;386.784;41.391;1.012.226;;;
2022;10*;;;;208;;0;0;0;70;11;59;;;15;0;0;0;0;0;;;;0;25;34;24.507;19.967;20.746;245.549;52.949;69;41.531;502.577;;;72.411;310.769;483.506;41.635;908.320;;;
2022;11*;;;;6.564;;1;22;60;247;108;173;;;0;0;0;0;0;0;;;;0;27;39;47.040;30.073;52.980;247.055;47.884;70;45.725;452.726;;;80.852;377.148;426.958;45.833;930.791;;;
2022;12;;;;23.894;;3.303;3.631;2.740;6.134;4.649;4.896;;;309;62.676;67.203;66.157;250;0;;;;0;29;42;67.393;43.888;88.098;71.831;47.383;64;48.663;449.624;;;322.698;271.210;420.180;48.768;1.062.857;;;
2023;1;;;;26.466;;5.316;5.286;4.606;9.394;6.674;9.082;;;0;90.107;76.856;85.692;0;0;;;;0;30;40;52.163;38.554;93.281;59.608;43.126;58;49.385;457.276;;;398.774;243.606;421.137;49.425;1.112.942;;;
2023;2;;;;14.970;;10.295;10.730;10.032;13.604;11.439;12.624;;;840;22.278;46.989;27.444;0;160;;;;0;25;34;10.786;8.292;35.647;58.989;37.407;51;41.122;387.740;;;244.760;113.714;361.816;41.155;761.446;;;
2023;3;;;;19.481;;3.930;3.564;3.517;5.070;4.973;5.199;;;368;48.734;56.389;55.364;950;890;;;;28;25;33;21;1.067;2.210;130.613;36.557;32;37.951;405.204;;;286.345;133.911;363.898;37.983;822.136;;;
2023;4;;;;22.959;;8.037;10.471;7.012;13.015;10.026;13.048;;;16;14.158;1.266;6.351;0;0;;;;0;29;30;13.151;9.411;22.242;85.871;40.047;34;35.704;321.057;;;150.626;130.675;316.863;35.734;633.898;;;
2023;5;;;;7.925;;0;0;0;6;11;18;;;0;17.362;0;8.789;0;0;;;;0;23;24;11.906;10.382;11.054;214.242;40.908;28;26.968;366.858;;;81.123;247.584;360.780;27.019;716.506;;;
2023;6;;;;23.867;;41;0;0;26;13;38;;;20;49.292;0;26.083;4;109;;;;0;27;17;12.694;11.505;29.207;212.219;37.765;17;22.699;371.434;;;215.902;265.625;292.816;22.733;797.076;;;
2023;7;;;;668;;576;0;496;525;392;606;;;0;480;0;0;0;0;;;;0;24;20;22.577;25.711;54.459;338.669;54.420;15;22.954;524.505;;;123.193;441.416;459.500;22.989;1.047.098;;;
2023;8;;;;960;;186;28;9;226;255;337;;;16;0;3;0;1;4;;;;0;10;31;17.288;13.102;63.135;342.742;58.075;24;35.901;542.006;;;126.547;436.267;475.570;35.956;1.074.340;;;
2023;9;;;;244;;17;0;39;79;24;54;;;0;389;345;0;0;0;;;;0;1;28;61.735;14.344;60.479;257.157;59.483;17;27.094;527.709;;;111.773;393.715;476.610;27.139;1.009.237;;;
2023;10;;;;346;;17;21;27;48;33;22;;;21;1;0;0;0;365;;;;0;1;39;35.432;11.779;48.609;205.535;52.964;29;42.021;493.744;;;116.295;301.355;431.315;42.088;891.052;;;
2023;11;;;;2.469;;758;141;193;1.095;322;1.121;;;101;1;0;0;0;0;;;;0;79;39;70.288;19.739;88.888;182.533;44.509;21;35.786;466.579;;;116.008;361.448;401.359;35.847;914.662;;;
2023;12;;;;519;;0;0;97;112;141;154;;;12;0;0;0;228;69;;;;0;39;35;82.131;10.984;142.545;214.008;41.622;23;34.080;468.573;;;130.497;449.668;381.069;34.139;995.373;;;
2024;1;;;;1.287;;0;0;0;230;50;116;;;0;0;0;0;0;0;;;;0;12;40;37.648;16.050;66.166;369.794;38.321;10;46.887;483.192;1.695;136.625;138.320;489.658;384.889;44.409;1.057.275;;;
2024;2;;;;2.409;;20;10;38;410;140;308;;;17;1;0;0;0;0;;;;0;1;32;74.211;42.357;116.528;337.868;35.162;0;39.704;479.931;3.354;157.251;160.605;570.964;357.841;39.736;1.129.146;;;
2024;3;;;;40;;0;0;0;0;107;114;;;0;1;0;0;101;0;;;;0;5;32;40.211;30.371;155.288;292.503;39.894;0;37.883;427.903;368;142.747;143.115;518.373;325.049;37.915;1.024.453;;;
2024;4;;;;144;;106;122;99;97;0;29;;;79;1;140;0;212;196;;;;0;8;23;46.667;6.649;177.044;169.661;37.016;0;20.327;450.786;1.232;136.047;137.279;400.021;351.755;20.351;909.405;;;
2024;5;;;;14.153;;1.130;1.337;1.752;2.729;564;2.265;;;85;26.665;24.265;25.511;0;21;;;;0;3;20;94.598;39.723;231.104;425.848;42.793;83;22.147;458.798;100.481;138.966;239.447;791.273;362.625;22.250;1.415.596;;;
2024;6;;;;1.500;;24;0;0;180;73;155;;;11;0;1;0;0;0;;;;0;5;15;84.261;45.022;187.236;383.436;51.973;843;22.134;495.453;1.950;109.937;111.887;699.956;437.489;22.992;1.272.324;;;
2024;7;;;;4.765;;738;975;1.391;3.531;2.418;2.679;;;0;899;130;0;0;0;;;;0;46;26;60.927;35.480;108.497;560.187;49.431;2.795;28.887;476.140;17.571;176.860;194.431;765.091;348.711;31.708;1.339.941;;;
2024;8;;;;1.195;;281;26;380;722;481;363;;;10;274;1;0;231;211;;;;0;5;20;79.562;53.160;164.722;462.749;57.989;2.527;25.765;680.281;4.181;194.590;198.772;760.193;543.680;28.312;1.530.956;;;
2024;9;;;;1.511;;1;26;64;258;110;109;;;0;0;1;0;0;0;;;;0;12;31;89.987;52.181;150.212;246.973;47.491;4.229;30.830;540.723;2.092;188.328;190.420;539.353;399.886;35.090;1.164.749;;;
2024;10;;;;407;;190;208;98;162;106;98;;;59;134;234;0;0;0;;;;0;3;36;75.603;53.813;182.000;421.285;48.361;4.028;41.375;514.529;1.697;179.333;181.031;732.701;383.556;45.438;1.342.727;;;
2024;11;;;;295;;101;0;133;242;153;116;;;133;58;1;0;0;0;;;;0;24;35;59.690;37.147;114.306;368.523;47.697;4.620;39.790;547.815;1.256;152.170;153.426;579.666;443.342;44.410;1.220.844;;;
2024;12;;;;296;;0;0;0;51;0;73;;;0;0;2;0;0;0;;;;0;7;36;48.482;28.973;89.651;311.875;42.757;4.727;48.183;456.320;428;109.966;110.394;478.981;389.111;52.946;1.031.433;;;
2025;1;;;;13.750;;29;25;185;149;166;49;;;0;20.529;2.614;11.796;0;0;;;;0;1;38;87.183;47.136;148.868;125.809;41.245;5.374;49.361;486.829;49.293;166.334;215.626;408.996;361.740;54.774;1.041.136;;;
2025;2;;;;26.058;;490;433;552;742;418;532;;;138;22.579;6.033;14.455;159;200;;;;0;9;30;76.380;40.018;120.737;147.374;38.374;3.922;36.499;404.436;72.796;132.577;205.373;384.509;310.233;40.451;940.565;;;
2025;3;;;;6.838;;700;482;805;985;830;875;;;152;732;614;0;476;154;;;;0;1;30;74.239;41.634;131.101;137.559;43.458;4.005;40.310;432.069;13.642;145.104;158.746;384.533;330.422;44.315;918.016;;;
2025;4;;;;3;;0;0;0;0;0;0;;;17;0;1;0;0;0;;;;0;0;31;28.365;23.596;60.767;160.440;34.084;3.675;34.607;455.494;21;160.773;160.794;273.168;328.805;38.313;801.080;;;
2025;5;;;;2.288;;262;193;573;821;936;0;;;0;0;33;0;0;0;;;;0;4;24;34.347;29.401;83.915;340.561;43.268;2.901;26.077;447.058;5.110;127.311;132.421;488.224;363.014;29.002;1.012.661;;;
2025;6;;;;7.445;;1.754;1.469;2.559;3.610;2.484;1.638;;;280;0;2.129;0;443;441;;;;0;1;25;40.890;29.854;126.965;538.580;44.307;2.974;24.471;470.305;24.251;139.980;164.230;736.289;374.632;27.470;1.302.621;;;
2025;7;;;;7.025;;741;644;914;2.059;1.344;1.682;;;510;1.765;10.408;4.846;845;858;;;;0;1;23;62.731;42.267;114.188;470.484;48.229;2.842;26.544;525.805;33.641;179.134;212.775;689.670;394.901;29.409;1.326.754;;;
2025;8;;;;1.357;;118;13;351;391;712;224;;;13;0;0;0;26;0;;;;0;0;28;30.610;26.208;100.627;499.175;55.604;3.454;34.938;599.847;3.206;183.254;186.460;656.620;472.197;38.421;1.353.697;;;
2025;9;;;;1.852;;51;64;0;426;877;56;;;0;0;1;0;29;0;;;;0;;;67.988;38.638;99.580;483.530;51.231;4.045;38.482;492.043;3.356;150.737;154.093;689.736;392.536;42.527;1.278.893;;;
2025;10;;;;841;;9;56;197;32;363;59;;;0;0;1;0;0;0;;;;0;;;28.606;21.774;71.628;345.600;48.553;4.437;39.525;485.093;1.558;123.394;124.952;467.608;410.252;43.962;1.046.773;;;
*Algunos valores se han actualizado de acuerdo a correcciones en los datos de origen.;;;;;;;;;;;;;;;;;;;;;;;;;;;;;;;;;;;;;;;;;;;;
;;;;;;;;;;;;;;;;;;;;;;;;;;;;;;;;;;;;;;;;;;;;
;;;;;;;;;;;;;;;;;;;;;;;;;;;;;;;;;;;;;;;;;;;;
